Due Time,Goal,Distraction
2026-04-05 09:00,test: save camera recording,Delete workspace; Retry; Spec new repo; Allow command
2026-04-05 10:00,test: Upload recording to S3,Configure Vercel env var for S3
2026-04-05 11:00,test: Upload recording to S3,Configure Vercel env var for S3
2026-04-05 12:00,test: Record video to S3,Debug Next.js API
2026-04-05 13:00,test: Record video to S3,Debug corrupt video; Spec accurate tests
2026-04-05 14:00,test: Record video to S3,Isolate corrupt video
2026-04-05 15:00,Record playable video to S3,Spec accurate test of video playback
2026-04-05 16:00,If quiet: audio meter,Debug local machine audio input
2026-04-05 17:00,test: PostHog: replay session,Hallucinate
2026-04-05 18:00,test: Unity Save Life Displayed,Hallucinate
2026-04-05 19:00,Mobile record,Hallucinate; Debug regression to load mobile
2026-04-05 20:00,Mobile record,Hallucinate; Debug mobile layout
2026-04-05 21:00,Mobile record,Hallucinate; Debug secure camera
2026-04-12 08:00,Audit empty mobile recording,Resolve config and vercel env warnings
2026-04-12 09:00,Observe mobile recording with MIME type,
2026-04-12 10:00,Observe verbose steps of mobile recording with MIME type,
2026-04-12 11:00,Observe two starts on laptop/mobile recording/session replay,Report bug: Record from Vercel
2026-04-12 12:00,Observe verbose log of Vercel failure